timestamp,src_ip,src_port,dst_ip,dst_port,protocol,action,bytes
2025-03-01 08:00:53,10.0.0.7,43930,172.67.68.23,5432,TCP,allow,10139
2025-03-01 08:02:30,10.0.0.18,35000,31.13.72.36,25,TCP,allow,3273
2025-03-01 08:06:35,10.0.0.19,46924,198.51.100.12,80,TCP,allow,5844
2025-03-01 08:07:05,10.0.0.9,60833,142.250.80.46,5432,TCP,allow,8517
2025-03-01 08:12:06,10.0.0.4,53722,1.1.1.1,25,TCP,allow,3081
2025-03-01 08:12:52,10.0.0.10,50013,1.1.1.1,25,TCP,allow,9018
2025-03-01 08:14:11,10.0.0.6,11213,8.8.8.8,25,TCP,allow,4752
2025-03-01 08:14:26,10.0.0.14,19029,203.0.113.5,80,TCP,allow,12032
2025-03-01 08:16:47,10.0.0.3,51313,8.8.8.8,53,UDP,allow,114
2025-03-01 08:37:40,185.220.101.7,46360,10.0.0.8,3389,TCP,block,91
2025-03-01 08:40:56,10.0.0.3,38602,91.108.4.1,445,TCP,allow,7233
2025-03-01 08:56:19,185.220.101.7,52694,10.0.0.12,3389,TCP,block,141
2025-03-01 08:57:58,10.0.0.18,19255,172.67.68.23,53,UDP,allow,9854
2025-03-01 09:00:17,185.220.101.7,39073,10.0.0.9,3389,TCP,block,62
2025-03-01 09:01:34,10.0.0.4,52887,91.108.4.1,3306,TCP,block,211
2025-03-01 09:03:14,10.0.0.15,29249,10.0.0.10,3389,TCP,block,231
2025-03-01 09:03:24,10.0.0.13,65296,8.8.8.8,22,TCP,allow,2291
2025-03-01 09:10:22,10.0.0.14,14529,13.107.42.14,5432,TCP,allow,4143
2025-03-01 09:10:24,10.0.0.12,8717,91.108.4.1,443,TCP,allow,14376
2025-03-01 09:11:25,10.0.0.18,38094,45.33.32.156,22,TCP,block,274
2025-03-01 09:20:18,10.0.0.12,42847,8.8.8.8,5432,TCP,allow,9929
2025-03-01 09:20:52,185.220.101.7,58020,10.0.0.19,3389,TCP,block,82
2025-03-01 09:21:17,10.0.0.16,36252,198.51.100.12,443,TCP,allow,14736
2025-03-01 09:21:28,10.0.0.6,27041,172.67.68.23,22,TCP,allow,13900
2025-03-01 09:21:50,10.0.0.15,43053,10.0.0.11,3389,TCP,block,272
2025-03-01 09:24:35,10.0.0.8,54798,185.220.101.7,587,TCP,allow,5200
2025-03-01 09:27:09,10.0.0.7,24202,52.96.189.10,53,UDP,block,92
2025-03-01 09:32:31,10.0.0.12,65251,13.107.42.14,25,TCP,allow,10677
2025-03-01 09:35:06,10.0.0.12,52700,45.33.32.156,3306,TCP,allow,6050
2025-03-01 09:36:57,10.0.0.1,48172,142.250.80.46,5432,TCP,allow,11453
2025-03-01 09:38:58,10.0.0.19,40755,10.0.0.16,3306,TCP,block,116
2025-03-01 09:42:25,10.0.0.13,28308,1.1.1.1,8080,TCP,allow,11608
2025-03-01 09:44:18,10.0.0.20,60343,31.13.72.36,443,TCP,allow,13908
2025-03-01 09:46:20,10.0.0.2,15262,172.67.68.23,587,TCP,allow,9043
2025-03-01 09:56:20,10.0.0.12,15739,185.220.101.7,25,TCP,allow,6342
2025-03-01 09:57:06,10.0.0.3,6606,8.8.8.8,53,UDP,allow,137
2025-03-01 09:58:20,10.0.0.4,53491,203.0.113.5,25,TCP,block,213
2025-03-01 10:01:32,10.0.0.17,37645,172.67.68.23,587,TCP,allow,1145
2025-03-01 10:02:35,10.0.0.6,52428,198.51.100.12,587,TCP,allow,10766
2025-03-01 10:03:18,185.220.101.7,54487,10.0.0.10,3389,TCP,block,69
2025-03-01 10:05:18,10.0.0.19,10381,10.0.0.12,445,TCP,block,55
2025-03-01 10:05:52,10.0.0.14,16939,142.250.80.46,8080,TCP,allow,6563
2025-03-01 10:07:45,10.0.0.18,4310,203.0.113.5,3306,TCP,allow,1136
2025-03-01 10:09:40,10.0.0.18,22234,45.33.32.156,8443,TCP,allow,2958
2025-03-01 10:12:03,10.0.0.20,2054,77.88.8.8,587,TCP,block,289
2025-03-01 10:18:20,10.0.0.13,18622,185.220.101.7,25,TCP,allow,8305
2025-03-01 10:19:17,10.0.0.2,19838,77.88.8.8,443,TCP,allow,719
2025-03-01 10:26:59,185.220.101.7,40200,10.0.0.2,3389,TCP,block,97
2025-03-01 10:27:35,10.0.0.4,22815,1.1.1.1,8443,TCP,block,427
2025-03-01 10:29:10,10.0.0.10,24088,1.1.1.1,3389,TCP,block,68
2025-03-01 10:31:04,10.0.0.14,20870,52.96.189.10,587,TCP,allow,10576
2025-03-01 10:31:56,10.0.0.15,57809,10.0.0.10,22,TCP,block,159
2025-03-01 10:40:02,10.0.0.17,5532,45.33.32.156,22,TCP,allow,14632
2025-03-01 10:42:22,10.0.0.2,56241,1.1.1.1,80,TCP,allow,2452
2025-03-01 10:44:29,185.220.101.7,45347,10.0.0.8,3389,TCP,block,150
2025-03-01 10:48:34,10.0.0.4,49431,142.250.80.46,5432,TCP,allow,13882
2025-03-01 10:50:15,185.220.101.7,45587,10.0.0.8,3389,TCP,block,106
2025-03-01 10:50:37,10.0.0.4,38556,203.0.113.5,8080,TCP,allow,3512
2025-03-01 10:52:30,10.0.0.13,60847,13.107.42.14,21,TCP,allow,8353
2025-03-01 10:55:43,10.0.0.14,2719,8.8.8.8,445,TCP,block,168
2025-03-01 10:56:29,10.0.0.5,42513,198.51.100.12,22,TCP,allow,10428
2025-03-01 10:58:13,10.0.0.14,18926,31.13.72.36,8443,TCP,allow,6985
2025-03-01 11:00:28,10.0.0.3,20276,172.67.68.23,8443,TCP,allow,9137
2025-03-01 11:03:13,10.0.0.9,29694,31.13.72.36,8080,TCP,allow,13815
2025-03-01 11:05:38,185.220.101.7,44585,10.0.0.8,3389,TCP,block,124
2025-03-01 11:09:19,10.0.0.15,41022,185.220.101.7,5432,TCP,allow,9536
2025-03-01 11:15:25,10.0.0.8,62409,142.250.80.46,3306,TCP,block,475
2025-03-01 11:19:17,10.0.0.3,25445,172.67.68.23,443,TCP,block,418
2025-03-01 11:19:30,10.0.0.19,54856,13.107.42.14,80,TCP,block,384
2025-03-01 11:20:21,10.0.0.8,28214,91.108.4.1,587,TCP,allow,636
2025-03-01 11:23:18,10.0.0.11,28143,91.108.4.1,25,TCP,allow,4981
2025-03-01 11:23:28,10.0.0.15,56736,52.96.189.10,21,TCP,block,223
2025-03-01 11:24:00,10.0.0.8,14074,52.96.189.10,3389,TCP,allow,13414
2025-03-01 11:24:40,10.0.0.3,40477,8.8.8.8,53,UDP,allow,189
2025-03-01 11:28:22,10.0.0.3,32314,8.8.8.8,53,UDP,allow,95
2025-03-01 11:31:44,10.0.0.12,48804,172.67.68.23,25,TCP,allow,14353
2025-03-01 11:35:03,10.0.0.4,60230,31.13.72.36,22,TCP,block,193
2025-03-01 11:35:24,10.0.0.17,46090,8.8.8.8,8080,TCP,allow,9711
2025-03-01 11:36:46,10.0.0.7,6344,52.96.189.10,53,UDP,allow,11020
2025-03-01 11:39:14,10.0.0.15,48370,198.51.100.12,8080,TCP,allow,451
2025-03-01 11:40:38,10.0.0.15,24307,52.96.189.10,445,TCP,allow,6265
2025-03-01 11:42:16,10.0.0.18,31010,192.0.2.44,445,TCP,allow,3428
2025-03-01 11:48:23,10.0.0.3,21464,198.51.100.12,3306,TCP,allow,5907
2025-03-01 11:48:30,10.0.0.11,44447,172.67.68.23,3306,TCP,allow,4922
2025-03-01 11:52:27,10.0.0.10,14059,91.108.4.1,21,TCP,allow,10177
2025-03-01 11:58:42,10.0.0.7,13049,142.250.80.46,587,TCP,allow,7112
2025-03-01 11:59:26,10.0.0.19,46115,45.33.32.156,5432,TCP,block,486
2025-03-01 12:06:04,10.0.0.15,1947,52.96.189.10,3389,TCP,block,135
2025-03-01 12:08:56,10.0.0.16,26493,142.250.80.46,21,TCP,allow,9980
2025-03-01 12:09:13,10.0.0.13,46011,31.13.72.36,443,TCP,allow,10512
2025-03-01 12:11:24,10.0.0.19,34840,10.0.0.4,445,TCP,block,164
2025-03-01 12:16:29,10.0.0.10,63765,104.21.14.8,8443,TCP,allow,3790
2025-03-01 12:26:14,10.0.0.18,53755,172.67.68.23,25,TCP,allow,12865
2025-03-01 12:27:54,185.220.101.7,12339,10.0.0.3,3389,TCP,block,97
2025-03-01 12:32:14,10.0.0.10,22400,142.250.80.46,3389,TCP,block,249
2025-03-01 12:33:26,10.0.0.20,12075,142.250.80.46,443,TCP,allow,10701
2025-03-01 12:37:11,10.0.0.5,55319,185.220.101.7,22,TCP,block,204
2025-03-01 12:41:04,10.0.0.13,62558,104.21.14.8,5432,TCP,allow,9339
2025-03-01 12:41:52,10.0.0.2,20955,91.108.4.1,443,TCP,allow,2707
2025-03-01 12:44:14,10.0.0.19,9034,142.250.80.46,8080,TCP,allow,11177
2025-03-01 12:51:26,10.0.0.19,42425,10.0.0.6,3306,TCP,block,285
2025-03-01 12:51:47,10.0.0.15,47026,8.8.8.8,8443,TCP,allow,7013
2025-03-01 12:56:11,10.0.0.14,44008,77.88.8.8,80,TCP,allow,14405
2025-03-01 12:56:21,10.0.0.12,28491,52.96.189.10,3306,TCP,block,316
2025-03-01 12:58:15,10.0.0.3,64189,8.8.8.8,53,UDP,allow,158
2025-03-01 12:59:47,10.0.0.10,49980,104.21.14.8,443,TCP,allow,8349
2025-03-01 13:01:38,10.0.0.18,25719,104.21.14.8,21,TCP,allow,8809
2025-03-01 13:02:11,10.0.0.3,42144,1.1.1.1,80,TCP,allow,2704
2025-03-01 13:03:11,10.0.0.16,2269,31.13.72.36,8443,TCP,allow,1498
2025-03-01 13:04:49,10.0.0.18,2976,198.51.100.12,8443,TCP,allow,720
2025-03-01 13:05:43,10.0.0.3,7425,142.250.80.46,3306,TCP,allow,1079
2025-03-01 13:08:57,10.0.0.10,9474,52.96.189.10,3306,TCP,block,240
2025-03-01 13:12:57,10.0.0.17,5018,185.220.101.7,25,TCP,allow,4708
2025-03-01 13:13:38,10.0.0.1,28324,13.107.42.14,445,TCP,allow,9549
2025-03-01 13:14:54,10.0.0.5,41869,198.51.100.12,587,TCP,allow,5746
2025-03-01 13:14:59,10.0.0.13,37983,77.88.8.8,443,TCP,allow,2861
2025-03-01 13:18:00,10.0.0.14,12497,13.107.42.14,21,TCP,allow,2985
2025-03-01 13:19:02,185.220.101.7,31986,10.0.0.10,3389,TCP,block,146
2025-03-01 13:19:58,10.0.0.10,44013,8.8.8.8,443,TCP,allow,7447
2025-03-01 13:21:53,10.0.0.15,28184,10.0.0.16,22,TCP,block,273
2025-03-01 13:32:53,10.0.0.16,31500,52.96.189.10,443,TCP,allow,3771
2025-03-01 13:33:52,10.0.0.6,40276,142.250.80.46,5432,TCP,allow,209
2025-03-01 13:36:21,10.0.0.10,55728,142.250.80.46,3306,TCP,allow,7007
2025-03-01 13:39:34,10.0.0.20,46079,185.220.101.7,3306,TCP,allow,3535
2025-03-01 13:43:05,10.0.0.18,30548,198.51.100.12,22,TCP,allow,6893
2025-03-01 13:45:19,10.0.0.16,10439,31.13.72.36,53,UDP,allow,10139
2025-03-01 13:48:54,10.0.0.17,46262,77.88.8.8,3306,TCP,block,199
2025-03-01 13:49:29,10.0.0.14,40076,13.107.42.14,443,TCP,allow,6452
2025-03-01 13:54:26,10.0.0.3,48287,8.8.8.8,53,UDP,allow,102
2025-03-01 13:54:59,10.0.0.6,49295,77.88.8.8,25,TCP,allow,3138
2025-03-01 13:57:45,10.0.0.4,45414,13.107.42.14,80,TCP,allow,9633
2025-03-01 13:59:41,10.0.0.3,23700,8.8.8.8,53,UDP,allow,117
2025-03-01 14:02:27,10.0.0.20,9173,8.8.8.8,8443,TCP,allow,7395
2025-03-01 14:10:41,10.0.0.10,22990,142.250.80.46,21,TCP,block,357
2025-03-01 14:21:05,10.0.0.11,53305,142.250.80.46,25,TCP,allow,3998
2025-03-01 14:31:36,185.220.101.7,10782,10.0.0.4,3389,TCP,block,107
2025-03-01 14:36:17,10.0.0.19,49584,52.96.189.10,25,TCP,allow,2524
2025-03-01 14:38:11,10.0.0.3,20255,8.8.8.8,5432,TCP,allow,805
2025-03-01 14:42:03,10.0.0.18,56013,52.96.189.10,80,TCP,allow,754
2025-03-01 14:45:56,10.0.0.15,62732,10.0.0.8,3306,TCP,block,101
2025-03-01 14:46:25,10.0.0.13,51812,77.88.8.8,8080,TCP,allow,4488
2025-03-01 14:48:06,10.0.0.16,53528,104.21.14.8,5432,TCP,allow,4569
2025-03-01 14:48:43,10.0.0.15,32783,13.107.42.14,80,TCP,allow,357
2025-03-01 14:49:11,10.0.0.3,36680,142.250.80.46,445,TCP,allow,8818
2025-03-01 14:54:41,10.0.0.16,21244,142.250.80.46,587,TCP,allow,14602
2025-03-01 14:55:20,10.0.0.5,3607,52.96.189.10,443,TCP,block,370
2025-03-01 14:57:28,10.0.0.2,9181,91.108.4.1,21,TCP,allow,4676
2025-03-01 15:03:35,10.0.0.12,10703,104.21.14.8,3306,TCP,block,457
2025-03-01 15:10:25,10.0.0.3,44499,52.96.189.10,445,TCP,block,200
2025-03-01 15:15:43,10.0.0.10,60526,104.21.14.8,3389,TCP,block,70
2025-03-01 15:18:46,10.0.0.6,46568,172.67.68.23,445,TCP,allow,12240
2025-03-01 15:19:25,10.0.0.13,59981,52.96.189.10,21,TCP,allow,7377
2025-03-01 15:20:22,10.0.0.15,34800,10.0.0.2,3389,TCP,block,198
2025-03-01 15:37:40,10.0.0.3,48808,13.107.42.14,21,TCP,allow,8951
2025-03-01 15:42:22,10.0.0.11,63362,1.1.1.1,25,TCP,allow,12520
2025-03-01 15:49:13,10.0.0.3,38861,8.8.8.8,53,UDP,allow,76
2025-03-01 15:50:21,10.0.0.11,24550,198.51.100.12,443,TCP,allow,1784
2025-03-01 15:50:55,10.0.0.4,45471,104.21.14.8,25,TCP,allow,4840
2025-03-01 15:51:45,10.0.0.8,60041,104.21.14.8,5432,TCP,allow,13121
2025-03-01 16:03:22,10.0.0.1,48210,45.33.32.156,8080,TCP,allow,9688
2025-03-01 16:09:51,185.220.101.7,10125,10.0.0.7,3389,TCP,block,141
2025-03-01 16:09:52,10.0.0.12,51002,91.108.4.1,8080,TCP,allow,2082
2025-03-01 16:17:11,10.0.0.7,5573,172.67.68.23,445,TCP,allow,14361
2025-03-01 16:19:09,10.0.0.15,21507,172.67.68.23,25,TCP,block,88
2025-03-01 16:20:07,10.0.0.15,19274,10.0.0.11,22,TCP,block,161
2025-03-01 16:20:21,10.0.0.11,60867,172.67.68.23,3389,TCP,allow,3656
2025-03-01 16:22:41,10.0.0.12,29612,198.51.100.12,25,TCP,block,61
2025-03-01 16:25:11,10.0.0.5,27736,8.8.8.8,53,UDP,allow,6997
2025-03-01 16:31:29,10.0.0.3,32272,8.8.8.8,443,TCP,allow,3696
2025-03-01 16:32:15,10.0.0.11,10908,77.88.8.8,8080,TCP,allow,2467
2025-03-01 16:32:51,10.0.0.10,65140,185.220.101.7,3306,TCP,allow,7310
2025-03-01 16:36:08,185.220.101.7,12394,10.0.0.9,3389,TCP,block,65
2025-03-01 16:37:09,10.0.0.1,31655,104.21.14.8,8080,TCP,allow,6244
2025-03-01 16:37:36,10.0.0.3,57453,8.8.8.8,53,UDP,allow,149
2025-03-01 16:39:46,10.0.0.1,49633,192.0.2.44,3389,TCP,allow,2276
2025-03-01 16:41:10,10.0.0.6,26482,104.21.14.8,3306,TCP,allow,8569
2025-03-01 16:41:40,10.0.0.8,21876,91.108.4.1,5432,TCP,allow,915
2025-03-01 16:42:43,10.0.0.17,7590,185.220.101.7,21,TCP,allow,1060
2025-03-01 16:45:19,10.0.0.13,50543,52.96.189.10,8080,TCP,allow,6488
2025-03-01 16:46:11,10.0.0.3,5559,198.51.100.12,3306,TCP,allow,13569
2025-03-01 16:46:24,10.0.0.3,17566,8.8.8.8,53,UDP,allow,194
2025-03-01 16:48:42,10.0.0.5,30454,8.8.8.8,25,TCP,allow,1411
2025-03-01 16:49:05,10.0.0.15,21582,10.0.0.7,22,TCP,block,265
2025-03-01 16:50:30,185.220.101.7,45867,10.0.0.10,3389,TCP,block,148
2025-03-01 16:51:17,10.0.0.8,57268,45.33.32.156,21,TCP,allow,10910
2025-03-01 16:51:30,10.0.0.19,23552,104.21.14.8,587,TCP,allow,8898
2025-03-01 16:53:38,10.0.0.6,41110,31.13.72.36,8080,TCP,block,194
2025-03-01 16:54:47,10.0.0.3,18715,8.8.8.8,53,UDP,allow,157
2025-03-01 16:56:48,10.0.0.11,43078,45.33.32.156,5432,TCP,allow,12054
2025-03-01 16:58:22,10.0.0.3,52397,45.33.32.156,22,TCP,allow,11860
2025-03-01 17:00:11,10.0.0.3,41743,8.8.8.8,53,UDP,allow,65
2025-03-01 17:00:41,10.0.0.5,8419,45.33.32.156,53,UDP,block,431
2025-03-01 17:00:47,10.0.0.13,18634,31.13.72.36,22,TCP,allow,10561
2025-03-01 17:02:10,185.220.101.7,40091,10.0.0.14,3389,TCP,block,117
2025-03-01 17:06:08,10.0.0.19,19705,10.0.0.12,22,TCP,block,103
2025-03-01 17:10:29,10.0.0.20,39214,91.108.4.1,22,TCP,allow,1535
2025-03-01 17:17:02,10.0.0.3,61463,8.8.8.8,53,UDP,allow,80
2025-03-01 17:19:04,10.0.0.3,36990,8.8.8.8,53,UDP,allow,98
2025-03-01 17:19:46,10.0.0.6,8530,13.107.42.14,8443,TCP,block,407
2025-03-01 17:20:12,10.0.0.7,46648,185.220.101.7,8080,TCP,allow,9408
2025-03-01 17:28:36,10.0.0.7,14142,13.107.42.14,3389,TCP,block,291
2025-03-01 17:31:23,10.0.0.16,50938,31.13.72.36,443,TCP,block,280
2025-03-01 17:32:15,10.0.0.3,37178,8.8.8.8,53,UDP,allow,173
2025-03-01 17:32:42,10.0.0.12,2664,198.51.100.12,21,TCP,allow,7924
2025-03-01 17:33:58,10.0.0.14,15397,77.88.8.8,8443,TCP,allow,6130
2025-03-01 17:37:44,185.220.101.7,37280,10.0.0.4,3389,TCP,block,135
2025-03-01 17:37:44,10.0.0.13,38397,104.21.14.8,80,TCP,allow,1038
2025-03-01 17:39:55,10.0.0.19,40752,10.0.0.12,3389,TCP,block,263
2025-03-01 17:42:50,10.0.0.3,26094,8.8.8.8,53,UDP,allow,87
2025-03-01 17:43:15,10.0.0.10,18165,13.107.42.14,3306,TCP,allow,387
2025-03-01 17:43:23,10.0.0.10,2915,31.13.72.36,3306,TCP,allow,2189
2025-03-01 17:44:14,10.0.0.19,1424,10.0.0.10,3389,TCP,block,219
2025-03-01 17:46:20,10.0.0.3,20668,192.0.2.44,25,TCP,allow,7099
2025-03-01 17:48:45,10.0.0.6,61059,31.13.72.36,8080,TCP,block,266
2025-03-01 17:53:21,185.220.101.7,39482,10.0.0.20,3389,TCP,block,134
2025-03-01 17:59:14,10.0.0.15,42827,10.0.0.18,3389,TCP,block,104
2025-03-01 18:07:38,10.0.0.3,42625,8.8.8.8,53,UDP,allow,171
2025-03-01 18:08:29,10.0.0.3,4339,31.13.72.36,5432,TCP,allow,1804
2025-03-01 18:08:32,10.0.0.14,41769,91.108.4.1,8080,TCP,block,459
2025-03-01 18:09:45,10.0.0.17,62577,172.67.68.23,21,TCP,allow,5625
2025-03-01 18:17:59,10.0.0.11,42369,52.96.189.10,8443,TCP,allow,13130
2025-03-01 18:25:12,10.0.0.8,42745,13.107.42.14,5432,TCP,allow,3788
2025-03-01 18:27:07,10.0.0.15,39056,10.0.0.20,3306,TCP,block,276
2025-03-01 18:39:16,10.0.0.9,7264,91.108.4.1,8080,TCP,block,457
2025-03-01 18:44:40,10.0.0.14,36374,192.0.2.44,53,UDP,allow,13086
2025-03-01 18:47:09,10.0.0.6,9319,45.33.32.156,80,TCP,block,313
2025-03-01 18:49:46,10.0.0.19,8748,198.51.100.12,21,TCP,allow,5331
2025-03-01 18:51:47,10.0.0.18,16075,172.67.68.23,8080,TCP,allow,13689
2025-03-01 18:59:56,10.0.0.13,4950,45.33.32.156,587,TCP,allow,11482
2025-03-01 18:59:59,10.0.0.3,56948,8.8.8.8,53,UDP,allow,158
2025-03-01 19:09:33,10.0.0.14,30327,192.0.2.44,3306,TCP,allow,5959
2025-03-01 19:09:49,10.0.0.4,49709,8.8.8.8,53,UDP,allow,2158
2025-03-01 19:14:52,10.0.0.2,6930,13.107.42.14,445,TCP,block,107
2025-03-01 19:22:33,10.0.0.19,32624,142.250.80.46,53,UDP,allow,10959
2025-03-01 19:22:50,10.0.0.11,50874,8.8.8.8,445,TCP,allow,2342
2025-03-01 19:25:24,10.0.0.15,24242,77.88.8.8,8080,TCP,allow,9150
2025-03-01 19:26:20,10.0.0.13,30988,192.0.2.44,21,TCP,block,193
2025-03-01 19:30:41,10.0.0.3,7576,203.0.113.5,587,TCP,block,328
2025-03-01 19:31:45,10.0.0.16,5508,91.108.4.1,8080,TCP,allow,10316
2025-03-01 19:39:33,10.0.0.12,57652,104.21.14.8,25,TCP,allow,9416
2025-03-01 19:41:41,185.220.101.7,20399,10.0.0.11,3389,TCP,block,124
2025-03-01 19:42:23,10.0.0.17,54171,192.0.2.44,80,TCP,allow,1895
2025-03-01 19:42:34,10.0.0.13,21236,31.13.72.36,8080,TCP,block,223
2025-03-01 19:43:57,10.0.0.15,53042,52.96.189.10,53,UDP,allow,7952
2025-03-01 19:45:18,10.0.0.11,56888,142.250.80.46,8443,TCP,allow,9475
2025-03-01 19:46:12,185.220.101.7,34748,10.0.0.13,3389,TCP,block,150
2025-03-01 19:46:55,10.0.0.1,50422,45.33.32.156,25,TCP,allow,7519
2025-03-01 19:48:07,10.0.0.4,4820,77.88.8.8,445,TCP,allow,4123
2025-03-01 19:49:28,10.0.0.3,55551,8.8.8.8,53,UDP,allow,177
2025-03-01 19:57:34,10.0.0.17,34348,198.51.100.12,21,TCP,block,256
2025-03-01 20:02:49,10.0.0.14,60323,203.0.113.5,53,UDP,allow,6581
2025-03-01 20:03:40,10.0.0.4,14879,77.88.8.8,8080,TCP,allow,3964
2025-03-01 20:05:40,10.0.0.14,17287,1.1.1.1,21,TCP,block,455
2025-03-01 20:07:22,10.0.0.1,49971,185.220.101.7,53,UDP,block,100
2025-03-01 20:07:35,10.0.0.3,34444,142.250.80.46,21,TCP,allow,8893
2025-03-01 20:16:25,10.0.0.19,41063,52.96.189.10,5432,TCP,allow,3075
2025-03-01 20:29:26,10.0.0.7,7421,142.250.80.46,587,TCP,allow,8001
2025-03-01 20:30:15,10.0.0.3,17260,142.250.80.46,21,TCP,allow,841
2025-03-01 20:31:22,10.0.0.2,64798,8.8.8.8,587,TCP,allow,2245
2025-03-01 20:33:56,10.0.0.18,13387,172.67.68.23,587,TCP,allow,14447
2025-03-01 20:34:53,10.0.0.10,30963,52.96.189.10,25,TCP,block,168
2025-03-01 20:44:30,10.0.0.3,3057,1.1.1.1,21,TCP,allow,12557
2025-03-01 20:54:17,10.0.0.13,38051,198.51.100.12,445,TCP,allow,7720
2025-03-01 20:55:07,10.0.0.11,19129,45.33.32.156,8443,TCP,block,490
2025-03-01 20:55:31,10.0.0.3,37935,8.8.8.8,53,UDP,allow,71
2025-03-01 21:06:15,10.0.0.4,30439,192.0.2.44,443,TCP,allow,7261
2025-03-01 21:07:57,185.220.101.7,30170,10.0.0.1,3389,TCP,block,79
2025-03-01 21:10:19,10.0.0.16,14364,52.96.189.10,587,TCP,block,66
2025-03-01 21:10:25,10.0.0.19,63130,10.0.0.6,445,TCP,block,214
2025-03-01 21:10:28,185.220.101.7,29576,10.0.0.4,3389,TCP,block,71
2025-03-01 21:18:40,10.0.0.7,3662,13.107.42.14,8080,TCP,allow,8393
2025-03-01 21:19:13,10.0.0.9,62902,91.108.4.1,22,TCP,allow,13711
2025-03-01 21:21:25,10.0.0.2,15346,1.1.1.1,3306,TCP,allow,9151
2025-03-01 21:23:33,10.0.0.19,52019,31.13.72.36,587,TCP,block,184
2025-03-01 21:23:57,10.0.0.13,64837,8.8.8.8,587,TCP,allow,5754
2025-03-01 21:26:33,10.0.0.5,24921,172.67.68.23,22,TCP,allow,5250
2025-03-01 21:29:27,10.0.0.4,18553,104.21.14.8,53,UDP,allow,2207
2025-03-01 21:29:31,10.0.0.19,7940,10.0.0.1,3306,TCP,block,290
2025-03-01 21:32:18,10.0.0.6,48602,203.0.113.5,25,TCP,block,196
2025-03-01 21:39:52,10.0.0.7,42130,198.51.100.12,8443,TCP,block,465
2025-03-01 21:43:56,10.0.0.20,50942,203.0.113.5,443,TCP,allow,13383
2025-03-01 21:44:39,10.0.0.18,12720,192.0.2.44,21,TCP,allow,2143
2025-03-01 21:46:55,10.0.0.19,47198,10.0.0.20,3389,TCP,block,138
2025-03-01 21:47:54,10.0.0.16,14925,91.108.4.1,445,TCP,allow,8188
2025-03-01 21:48:15,10.0.0.6,36933,13.107.42.14,8443,TCP,allow,6853
2025-03-01 21:50:16,185.220.101.7,53325,10.0.0.20,3389,TCP,block,77
2025-03-01 21:51:43,10.0.0.3,20758,8.8.8.8,53,UDP,allow,128
2025-03-01 21:54:12,10.0.0.14,58237,192.0.2.44,53,UDP,block,110
2025-03-01 22:03:59,10.0.0.18,8810,45.33.32.156,8443,TCP,block,352
2025-03-01 22:07:09,10.0.0.18,12137,77.88.8.8,53,UDP,allow,8737
2025-03-01 22:12:53,10.0.0.15,52362,45.33.32.156,25,TCP,block,414
2025-03-01 22:18:22,10.0.0.19,45700,185.220.101.7,8443,TCP,allow,3147
2025-03-01 22:18:25,10.0.0.10,34428,13.107.42.14,445,TCP,allow,13770
2025-03-01 22:24:24,10.0.0.20,22961,172.67.68.23,5432,TCP,allow,7412
2025-03-01 22:28:09,10.0.0.18,18355,104.21.14.8,443,TCP,allow,428
2025-03-01 22:28:18,10.0.0.11,63554,91.108.4.1,21,TCP,allow,6426
2025-03-01 22:29:47,10.0.0.16,54982,142.250.80.46,25,TCP,block,249
2025-03-01 22:29:56,10.0.0.18,43419,31.13.72.36,3389,TCP,allow,12541
2025-03-01 22:34:48,10.0.0.18,17565,203.0.113.5,587,TCP,allow,5353
2025-03-01 22:37:20,10.0.0.4,59958,31.13.72.36,3306,TCP,allow,1404
2025-03-01 22:39:03,10.0.0.18,62651,192.0.2.44,53,UDP,allow,11094
2025-03-01 22:43:28,10.0.0.14,64344,45.33.32.156,443,TCP,allow,541
2025-03-01 22:44:50,10.0.0.6,2937,52.96.189.10,21,TCP,allow,6681
2025-03-01 22:51:51,185.220.101.7,50465,10.0.0.13,3389,TCP,block,63
2025-03-01 22:53:11,10.0.0.3,51213,8.8.8.8,53,UDP,allow,94
2025-03-01 22:57:25,10.0.0.14,40372,91.108.4.1,3306,TCP,allow,4912
2025-03-01 23:02:52,10.0.0.16,1363,198.51.100.12,21,TCP,block,110
2025-03-01 23:06:27,10.0.0.17,20590,45.33.32.156,80,TCP,allow,12095
2025-03-01 23:12:12,10.0.0.7,55639,104.21.14.8,53,UDP,allow,9535
2025-03-01 23:13:25,10.0.0.6,21518,91.108.4.1,445,TCP,allow,12014
2025-03-01 23:13:39,10.0.0.19,42672,172.67.68.23,25,TCP,allow,8173
2025-03-01 23:14:50,10.0.0.3,27918,8.8.8.8,53,UDP,allow,112
2025-03-01 23:19:36,10.0.0.3,34659,31.13.72.36,587,TCP,block,225
2025-03-01 23:20:55,10.0.0.3,4437,31.13.72.36,80,TCP,block,316
2025-03-01 23:25:18,10.0.0.2,42777,203.0.113.5,445,TCP,block,106
2025-03-01 23:28:45,185.220.101.7,58355,10.0.0.8,3389,TCP,block,78
2025-03-01 23:29:31,10.0.0.18,18778,104.21.14.8,445,TCP,block,272
2025-03-01 23:32:16,10.0.0.9,5423,104.21.14.8,22,TCP,block,282
2025-03-01 23:34:17,10.0.0.4,3385,198.51.100.12,3306,TCP,allow,9138
2025-03-01 23:34:32,10.0.0.3,58836,8.8.8.8,53,UDP,allow,93
2025-03-01 23:40:41,10.0.0.20,63104,192.0.2.44,3389,TCP,allow,10083
2025-03-01 23:40:46,10.0.0.3,35927,8.8.8.8,53,UDP,allow,157
2025-03-01 23:47:02,10.0.0.15,49114,8.8.8.8,22,TCP,allow,3085
2025-03-01 23:54:50,10.0.0.3,63601,104.21.14.8,8443,TCP,block,354
2025-03-01 23:56:06,10.0.0.19,50332,10.0.0.8,3306,TCP,block,185
2025-03-01 23:56:17,10.0.0.17,25459,142.250.80.46,8443,TCP,allow,6162
2025-03-01 23:57:11,10.0.0.15,54120,104.21.14.8,443,TCP,allow,932
2025-03-02 00:05:12,185.220.101.7,39241,10.0.0.7,3389,TCP,block,131
2025-03-02 00:09:36,10.0.0.3,20166,13.107.42.14,80,TCP,block,152
2025-03-02 00:11:27,10.0.0.12,60117,198.51.100.12,21,TCP,allow,9120
2025-03-02 00:12:21,10.0.0.11,37068,52.96.189.10,445,TCP,block,73
2025-03-02 00:20:41,10.0.0.8,13739,45.33.32.156,5432,TCP,allow,13882
2025-03-02 00:22:09,10.0.0.4,41353,203.0.113.5,3389,TCP,allow,14358
2025-03-02 00:22:34,10.0.0.3,18617,142.250.80.46,3306,TCP,allow,1044
2025-03-02 00:22:52,10.0.0.12,10047,31.13.72.36,5432,TCP,allow,9603
2025-03-02 00:31:00,10.0.0.12,62720,45.33.32.156,3306,TCP,allow,12927
2025-03-02 00:31:50,10.0.0.15,8545,10.0.0.9,445,TCP,block,257
2025-03-02 00:33:20,185.220.101.7,42933,10.0.0.7,3389,TCP,block,122
2025-03-02 00:43:56,10.0.0.1,19874,77.88.8.8,5432,TCP,allow,14965
2025-03-02 00:43:58,10.0.0.15,63809,10.0.0.15,3306,TCP,block,40
2025-03-02 00:50:04,10.0.0.10,54531,8.8.8.8,80,TCP,allow,4369
2025-03-02 00:55:01,10.0.0.18,30028,13.107.42.14,445,TCP,block,496
2025-03-02 00:55:31,10.0.0.19,62275,45.33.32.156,445,TCP,allow,13810
2025-03-02 01:02:28,10.0.0.18,8531,91.108.4.1,80,TCP,block,409
2025-03-02 01:03:53,10.0.0.13,29712,45.33.32.156,8080,TCP,allow,8290
2025-03-02 01:05:24,10.0.0.11,32332,192.0.2.44,80,TCP,allow,14318
2025-03-02 01:13:13,10.0.0.13,33485,172.67.68.23,21,TCP,block,117
2025-03-02 01:16:56,10.0.0.8,51989,91.108.4.1,21,TCP,allow,12747
2025-03-02 01:26:13,10.0.0.20,37205,8.8.8.8,53,UDP,allow,4121
2025-03-02 01:29:33,10.0.0.3,10708,8.8.8.8,53,UDP,allow,157
2025-03-02 01:32:36,10.0.0.10,64128,8.8.8.8,445,TCP,allow,7873
2025-03-02 01:34:02,10.0.0.8,13515,31.13.72.36,8080,TCP,allow,6484
2025-03-02 01:35:35,185.220.101.7,24548,10.0.0.13,3389,TCP,block,113
2025-03-02 01:37:49,10.0.0.12,33516,45.33.32.156,53,UDP,block,360
2025-03-02 01:40:14,10.0.0.2,55858,203.0.113.5,443,TCP,block,441
2025-03-02 01:40:24,10.0.0.3,48429,8.8.8.8,53,UDP,allow,93
2025-03-02 01:40:53,10.0.0.13,1165,77.88.8.8,80,TCP,allow,6409
2025-03-02 01:42:16,10.0.0.3,11178,8.8.8.8,53,UDP,allow,95
2025-03-02 01:47:51,185.220.101.7,54022,10.0.0.17,3389,TCP,block,97
2025-03-02 01:48:14,10.0.0.12,19884,142.250.80.46,5432,TCP,block,180
2025-03-02 01:48:59,10.0.0.9,30081,203.0.113.5,3306,TCP,allow,3759
2025-03-02 01:51:43,10.0.0.12,33026,192.0.2.44,22,TCP,block,319
2025-03-02 01:51:44,10.0.0.18,39419,172.67.68.23,25,TCP,allow,11336
2025-03-02 01:52:20,185.220.101.7,19658,10.0.0.1,3389,TCP,block,113
2025-03-02 01:54:11,10.0.0.16,44941,104.21.14.8,25,TCP,allow,5460
2025-03-02 02:02:01,10.0.0.4,36617,13.107.42.14,443,TCP,allow,12899
2025-03-02 02:02:10,10.0.0.3,58482,8.8.8.8,53,UDP,allow,134
2025-03-02 02:06:31,10.0.0.19,15123,10.0.0.17,3306,TCP,block,163
2025-03-02 02:11:53,10.0.0.1,48114,52.96.189.10,8080,TCP,allow,4163
2025-03-02 02:13:17,10.0.0.3,32662,8.8.8.8,53,UDP,allow,66
2025-03-02 02:16:14,10.0.0.16,47277,91.108.4.1,3306,TCP,block,71
2025-03-02 02:24:23,10.0.0.4,43931,1.1.1.1,3306,TCP,allow,14172
2025-03-02 02:28:16,10.0.0.17,31834,142.250.80.46,80,TCP,allow,14508
2025-03-02 02:28:17,10.0.0.19,25189,10.0.0.15,22,TCP,block,69
2025-03-02 02:37:13,185.220.101.7,17717,10.0.0.19,3389,TCP,block,64
2025-03-02 02:46:08,185.220.101.7,11673,10.0.0.20,3389,TCP,block,80
2025-03-02 02:46:22,10.0.0.12,1186,31.13.72.36,587,TCP,allow,9734
2025-03-02 02:50:11,10.0.0.18,64349,52.96.189.10,8443,TCP,allow,12779
2025-03-02 02:50:39,10.0.0.8,39579,185.220.101.7,443,TCP,allow,544
2025-03-02 02:51:29,10.0.0.18,53545,185.220.101.7,443,TCP,allow,2384
2025-03-02 02:53:32,10.0.0.3,19010,45.33.32.156,53,UDP,block,322
2025-03-02 02:58:47,10.0.0.8,19749,45.33.32.156,587,TCP,allow,11890
2025-03-02 02:59:46,10.0.0.9,32710,13.107.42.14,5432,TCP,allow,12891
2025-03-02 03:10:13,10.0.0.19,11133,10.0.0.20,445,TCP,block,232
2025-03-02 03:12:43,10.0.0.14,46235,185.220.101.7,8080,TCP,block,413
2025-03-02 03:16:37,10.0.0.11,2722,52.96.189.10,3389,TCP,allow,2058
2025-03-02 03:22:54,10.0.0.19,22732,45.33.32.156,587,TCP,allow,6235
2025-03-02 03:23:42,10.0.0.5,18394,52.96.189.10,587,TCP,allow,2905
2025-03-02 03:30:20,10.0.0.1,53857,142.250.80.46,3306,TCP,block,260
2025-03-02 03:30:36,10.0.0.6,19144,185.220.101.7,53,UDP,block,287
2025-03-02 03:32:09,185.220.101.7,50111,10.0.0.12,3389,TCP,block,126
2025-03-02 03:32:21,185.220.101.7,35125,10.0.0.11,3389,TCP,block,149
2025-03-02 03:33:01,10.0.0.11,30759,198.51.100.12,3389,TCP,allow,2791
2025-03-02 03:33:39,10.0.0.5,2513,8.8.8.8,53,UDP,allow,12589
2025-03-02 03:33:55,10.0.0.6,10218,142.250.80.46,22,TCP,allow,4932
2025-03-02 03:35:07,10.0.0.8,31368,45.33.32.156,3306,TCP,allow,13401
2025-03-02 03:44:23,10.0.0.10,61797,91.108.4.1,22,TCP,block,403
2025-03-02 03:46:16,10.0.0.2,39495,192.0.2.44,445,TCP,allow,3594
2025-03-02 03:46:51,10.0.0.5,13660,91.108.4.1,8080,TCP,allow,4670
2025-03-02 03:49:36,10.0.0.5,4932,77.88.8.8,3389,TCP,allow,1369
2025-03-02 03:53:02,10.0.0.8,32851,31.13.72.36,53,UDP,allow,7340
2025-03-02 03:54:03,10.0.0.3,62970,8.8.8.8,53,UDP,allow,173
2025-03-02 03:59:49,10.0.0.18,17241,1.1.1.1,21,TCP,allow,12682
2025-03-02 04:01:42,10.0.0.19,55502,10.0.0.7,3306,TCP,block,189
2025-03-02 04:02:15,10.0.0.6,43657,172.67.68.23,21,TCP,allow,8022
2025-03-02 04:05:05,185.220.101.7,21293,10.0.0.3,3389,TCP,block,48
2025-03-02 04:06:24,10.0.0.8,43472,91.108.4.1,443,TCP,allow,2124
2025-03-02 04:10:03,10.0.0.8,4882,203.0.113.5,443,TCP,block,363
2025-03-02 04:10:55,10.0.0.2,13360,31.13.72.36,5432,TCP,allow,10879
2025-03-02 04:12:48,10.0.0.16,52989,52.96.189.10,3306,TCP,allow,7542
2025-03-02 04:14:05,10.0.0.16,64509,192.0.2.44,53,UDP,allow,3766
2025-03-02 04:14:08,10.0.0.15,33043,10.0.0.3,445,TCP,block,248
2025-03-02 04:16:10,10.0.0.6,33505,52.96.189.10,21,TCP,allow,9307
2025-03-02 04:16:45,10.0.0.14,37345,198.51.100.12,80,TCP,allow,5998
2025-03-02 04:19:09,10.0.0.10,46259,1.1.1.1,3389,TCP,block,146
2025-03-02 04:23:05,10.0.0.14,57686,13.107.42.14,3306,TCP,allow,4078
2025-03-02 04:26:47,10.0.0.16,47563,172.67.68.23,21,TCP,allow,7009
2025-03-02 04:27:18,10.0.0.3,5842,8.8.8.8,53,UDP,allow,133
2025-03-02 04:33:09,10.0.0.20,29844,104.21.14.8,21,TCP,allow,2673
2025-03-02 04:33:20,10.0.0.3,39453,8.8.8.8,53,UDP,allow,113
2025-03-02 04:36:17,10.0.0.2,55604,77.88.8.8,8443,TCP,block,294
2025-03-02 04:38:09,10.0.0.2,59961,77.88.8.8,443,TCP,block,183
2025-03-02 04:39:01,10.0.0.11,59002,185.220.101.7,21,TCP,allow,6682
2025-03-02 04:39:55,10.0.0.2,4285,192.0.2.44,22,TCP,block,356
2025-03-02 04:44:28,10.0.0.20,44105,203.0.113.5,8443,TCP,allow,7068
2025-03-02 04:47:27,10.0.0.8,7205,1.1.1.1,587,TCP,allow,3319
2025-03-02 04:55:41,10.0.0.10,1554,203.0.113.5,21,TCP,allow,4697
2025-03-02 04:55:53,10.0.0.19,45595,10.0.0.3,3306,TCP,block,278
2025-03-02 04:56:37,10.0.0.12,39597,172.67.68.23,587,TCP,block,387
2025-03-02 04:58:31,10.0.0.20,20800,1.1.1.1,21,TCP,allow,4081
2025-03-02 05:13:55,185.220.101.7,17668,10.0.0.15,3389,TCP,block,121
2025-03-02 05:14:20,10.0.0.2,56260,45.33.32.156,587,TCP,block,491
2025-03-02 05:15:03,10.0.0.11,47960,77.88.8.8,3389,TCP,allow,11172
2025-03-02 05:15:56,10.0.0.1,32283,91.108.4.1,5432,TCP,allow,6432
2025-03-02 05:16:09,10.0.0.17,56817,192.0.2.44,80,TCP,allow,1512
2025-03-02 05:18:44,10.0.0.11,30758,172.67.68.23,8443,TCP,allow,5031
2025-03-02 05:22:11,10.0.0.16,32765,91.108.4.1,22,TCP,allow,9024
2025-03-02 05:23:03,10.0.0.5,55660,77.88.8.8,25,TCP,block,90
2025-03-02 05:23:35,10.0.0.18,60467,185.220.101.7,587,TCP,allow,14445
2025-03-02 05:25:39,10.0.0.10,63945,13.107.42.14,8443,TCP,allow,10188
2025-03-02 05:26:24,10.0.0.3,15544,172.67.68.23,3389,TCP,block,213
2025-03-02 05:27:58,10.0.0.17,13745,13.107.42.14,3389,TCP,allow,13841
2025-03-02 05:32:49,10.0.0.5,60137,192.0.2.44,21,TCP,block,408
2025-03-02 05:35:43,10.0.0.10,4614,203.0.113.5,53,UDP,allow,10019
2025-03-02 05:36:52,185.220.101.7,62982,10.0.0.17,3389,TCP,block,68
2025-03-02 05:37:11,10.0.0.15,63206,198.51.100.12,22,TCP,allow,310
2025-03-02 05:37:12,10.0.0.2,47094,185.220.101.7,3389,TCP,block,184
2025-03-02 05:39:53,10.0.0.3,52906,45.33.32.156,8080,TCP,allow,10742
2025-03-02 05:41:07,10.0.0.11,30551,203.0.113.5,21,TCP,allow,13037
2025-03-02 05:41:34,10.0.0.3,24733,142.250.80.46,587,TCP,allow,11730
2025-03-02 05:41:56,10.0.0.15,8228,10.0.0.5,3389,TCP,block,129
2025-03-02 05:44:29,10.0.0.2,52599,1.1.1.1,445,TCP,allow,2263
2025-03-02 05:46:12,10.0.0.13,36652,142.250.80.46,8080,TCP,block,254
2025-03-02 05:49:21,10.0.0.5,52797,91.108.4.1,443,TCP,allow,12859
2025-03-02 05:51:37,10.0.0.19,29098,1.1.1.1,80,TCP,allow,8928
2025-03-02 05:55:57,10.0.0.3,12633,8.8.8.8,53,UDP,allow,79
2025-03-02 06:01:56,10.0.0.19,63187,203.0.113.5,80,TCP,allow,944
2025-03-02 06:07:15,10.0.0.15,52044,203.0.113.5,22,TCP,allow,4066
2025-03-02 06:10:07,10.0.0.4,9009,1.1.1.1,3389,TCP,allow,5134
2025-03-02 06:13:08,10.0.0.6,14586,13.107.42.14,22,TCP,allow,13528
2025-03-02 06:15:25,10.0.0.4,12330,104.21.14.8,445,TCP,allow,10314
2025-03-02 06:18:21,10.0.0.17,11454,172.67.68.23,8080,TCP,allow,14899
2025-03-02 06:20:22,10.0.0.18,46471,203.0.113.5,8443,TCP,block,464
2025-03-02 06:21:32,10.0.0.15,47209,13.107.42.14,25,TCP,allow,272
2025-03-02 06:23:43,10.0.0.19,32414,10.0.0.15,22,TCP,block,71
2025-03-02 06:30:16,10.0.0.16,43092,77.88.8.8,21,TCP,allow,4945
2025-03-02 06:30:57,10.0.0.17,57395,172.67.68.23,587,TCP,allow,5071
2025-03-02 06:33:25,10.0.0.18,5166,104.21.14.8,8443,TCP,allow,10811
2025-03-02 06:39:20,10.0.0.13,6525,13.107.42.14,8443,TCP,block,53
2025-03-02 06:51:28,10.0.0.15,27425,198.51.100.12,21,TCP,block,87
2025-03-02 06:51:46,10.0.0.19,61589,1.1.1.1,8443,TCP,allow,11359
2025-03-02 06:54:38,10.0.0.19,39265,10.0.0.9,445,TCP,block,66
2025-03-02 06:55:44,10.0.0.13,44019,31.13.72.36,25,TCP,allow,2617
2025-03-02 06:56:18,10.0.0.8,1920,8.8.8.8,22,TCP,allow,9224
2025-03-02 06:57:47,10.0.0.5,25482,203.0.113.5,53,UDP,allow,7671
2025-03-02 07:02:35,10.0.0.19,19393,1.1.1.1,53,UDP,allow,6361
2025-03-02 07:03:11,10.0.0.3,28538,8.8.8.8,8080,TCP,allow,6363
2025-03-02 07:04:46,10.0.0.3,21777,8.8.8.8,53,UDP,allow,159
2025-03-02 07:05:30,10.0.0.17,42592,31.13.72.36,3389,TCP,allow,1712
2025-03-02 07:08:03,10.0.0.10,3995,52.96.189.10,25,TCP,allow,2490
2025-03-02 07:13:04,10.0.0.3,34365,8.8.8.8,53,UDP,allow,152
2025-03-02 07:15:19,10.0.0.14,44884,142.250.80.46,445,TCP,allow,6767
2025-03-02 07:16:50,185.220.101.7,15652,10.0.0.9,3389,TCP,block,71
2025-03-02 07:18:06,10.0.0.8,4689,52.96.189.10,445,TCP,block,437
2025-03-02 07:21:16,10.0.0.9,28325,52.96.189.10,53,UDP,block,332
2025-03-02 07:21:25,10.0.0.14,61128,104.21.14.8,25,TCP,allow,14447
2025-03-02 07:24:06,10.0.0.15,22477,192.0.2.44,80,TCP,allow,6411
2025-03-02 07:24:19,10.0.0.9,36346,192.0.2.44,53,UDP,block,327
2025-03-02 07:25:19,10.0.0.9,19308,13.107.42.14,587,TCP,allow,4238
2025-03-02 07:28:38,10.0.0.13,55038,45.33.32.156,53,UDP,allow,14094
2025-03-02 07:29:05,10.0.0.13,1715,1.1.1.1,445,TCP,allow,1935
2025-03-02 07:29:22,10.0.0.13,45527,13.107.42.14,80,TCP,block,118
2025-03-02 07:34:03,10.0.0.11,19645,198.51.100.12,8080,TCP,block,237
2025-03-02 07:39:42,10.0.0.3,32219,172.67.68.23,25,TCP,allow,9255
2025-03-02 07:39:56,10.0.0.9,6425,198.51.100.12,21,TCP,allow,4302
2025-03-02 07:41:56,10.0.0.18,59225,8.8.8.8,53,UDP,allow,7598
2025-03-02 07:44:37,10.0.0.1,27658,198.51.100.12,5432,TCP,allow,2924
2025-03-02 07:47:59,10.0.0.8,21130,203.0.113.5,21,TCP,allow,7825
2025-03-02 07:48:37,10.0.0.18,9824,45.33.32.156,21,TCP,allow,14587
2025-03-02 07:49:15,10.0.0.10,9801,142.250.80.46,80,TCP,allow,7260
